Date,Title,Topic,Is_Done
2025-08-01,Complete Python Tutorial Chapter 5,Programming,0
2025-08-01,Review Data Structures Notes,Computer Science,1
2025-08-02,Practice Algorithm Problems,Computer Science,0
2025-08-02,Read Database Design Book Chapter 3,Database,0
2025-08-03,Complete VFX Tutorial - Lighting,VFX,1
2025-08-03,Practice 3D Modeling Exercise,3D Modeling,0
2025-08-04,Study Automotive Visualization Techniques,Automotive,0
2025-08-04,Complete DMP Assignment - Landscape,DMP,0
2025-08-05,Review Product Animation Workflow,Product Animation,1
2025-08-05,Practice Montage Editing,Montage,0
